date,sector,up_3_plus,down_3_plus,neutral,total,breadth
2026-01-27,Financial Services,7,5,83,95,7.4
2026-01-27,Diversified,0,0,3,3,0.0
2026-01-27,Capital Goods,9,2,53,64,14.1
2026-01-27,Construction Materials,2,0,9,11,18.2
2026-01-27,Power,4,2,12,18,22.2
2026-01-27,Fast Moving Consumer Goods,2,1,27,30,6.7
2026-01-27,Chemicals,0,2,24,26,0.0
2026-01-27,Healthcare,2,6,44,52,3.8
2026-01-27,Metals & Mining,10,1,6,17,58.8
2026-01-27,Services,3,0,11,14,21.4
2026-01-27,Oil Gas & Consumable Fuels,1,1,17,19,5.3
2026-01-27,Consumer Services,0,3,23,26,0.0
2026-01-27,Forest Materials,0,0,1,1,0.0
2026-01-27,Construction,0,0,12,12,0.0
2026-01-27,Information Technology,0,2,26,28,0.0
2026-01-27,Consumer Durables,0,1,18,19,0.0
2026-01-27,Textiles,2,0,4,6,33.3
2026-01-27,Automobile and Auto Components,4,2,29,35,11.4
2026-01-27,Realty,1,1,8,10,10.0
2026-01-27,Telecommunication,0,0,10,10,0.0
2026-01-27,Media Entertainment & Publication,0,2,2,4,0.0
2026-01-28,Financial Services,19,2,74,95,20.0
2026-01-28,Diversified,0,0,3,3,0.0
2026-01-28,Capital Goods,35,0,29,64,54.7
2026-01-28,Construction Materials,1,0,10,11,9.1
2026-01-28,Power,9,0,9,18,50.0
2026-01-28,Fast Moving Consumer Goods,1,2,27,30,3.3
2026-01-28,Chemicals,7,0,19,26,26.9
2026-01-28,Healthcare,2,1,49,52,3.8
2026-01-28,Metals & Mining,10,0,7,17,58.8
2026-01-28,Services,5,0,9,14,35.7
2026-01-28,Oil Gas & Consumable Fuels,8,1,10,19,42.1
2026-01-28,Consumer Services,6,1,19,26,23.1
2026-01-28,Forest Materials,0,0,1,1,0.0
2026-01-28,Construction,8,0,4,12,66.7
2026-01-28,Information Technology,1,0,27,28,3.6
2026-01-28,Consumer Durables,4,2,13,19,21.1
2026-01-28,Textiles,0,0,6,6,0.0
2026-01-28,Automobile and Auto Components,4,0,31,35,11.4
2026-01-28,Realty,1,0,9,10,10.0
2026-01-28,Telecommunication,5,0,5,10,50.0
2026-01-28,Media Entertainment & Publication,2,0,2,4,50.0
2026-01-29,Financial Services,8,4,83,95,8.4
2026-01-29,Diversified,0,0,3,3,0.0
2026-01-29,Capital Goods,9,4,51,64,14.1
2026-01-29,Construction Materials,2,0,9,11,18.2
2026-01-29,Power,4,2,12,18,22.2
2026-01-29,Fast Moving Consumer Goods,1,0,29,30,3.3
2026-01-29,Chemicals,0,2,24,26,0.0
2026-01-29,Healthcare,1,3,48,52,1.9
2026-01-29,Metals & Mining,8,0,9,17,47.1
2026-01-29,Services,1,0,13,14,7.1
2026-01-29,Oil Gas & Consumable Fuels,4,0,15,19,21.1
2026-01-29,Consumer Services,2,3,21,26,7.7
2026-01-29,Forest Materials,0,0,1,1,0.0
2026-01-29,Construction,1,0,11,12,8.3
2026-01-29,Information Technology,0,4,24,28,0.0
2026-01-29,Consumer Durables,1,2,16,19,5.3
2026-01-29,Textiles,0,1,5,6,0.0
2026-01-29,Automobile and Auto Components,1,1,33,35,2.9
2026-01-29,Realty,0,0,10,10,0.0
2026-01-29,Telecommunication,1,1,8,10,10.0
2026-01-29,Media Entertainment & Publication,0,0,4,4,0.0
2026-01-30,Financial Services,7,6,82,95,7.4
2026-01-30,Diversified,0,0,3,3,0.0
2026-01-30,Capital Goods,14,3,47,64,21.9
2026-01-30,Construction Materials,0,1,10,11,0.0
2026-01-30,Power,1,1,16,18,5.6
2026-01-30,Fast Moving Consumer Goods,8,0,22,30,26.7
2026-01-30,Chemicals,3,1,22,26,11.5
2026-01-30,Healthcare,7,1,44,52,13.5
2026-01-30,Metals & Mining,0,9,8,17,0.0
2026-01-30,Services,1,2,11,14,7.1
2026-01-30,Oil Gas & Consumable Fuels,2,1,16,19,10.5
2026-01-30,Consumer Services,6,1,19,26,23.1
2026-01-30,Forest Materials,0,0,1,1,0.0
2026-01-30,Construction,3,0,9,12,25.0
2026-01-30,Information Technology,0,0,28,28,0.0
2026-01-30,Consumer Durables,5,0,14,19,26.3
2026-01-30,Textiles,1,0,5,6,16.7
2026-01-30,Automobile and Auto Components,8,0,27,35,22.9
2026-01-30,Realty,2,0,8,10,20.0
2026-01-30,Telecommunication,5,0,5,10,50.0
2026-01-30,Media Entertainment & Publication,2,0,2,4,50.0
2026-02-02,Financial Services,1,34,60,95,1.1
2026-02-02,Diversified,0,0,3,3,0.0
2026-02-02,Capital Goods,4,15,45,64,6.2
2026-02-02,Construction Materials,0,0,11,11,0.0
2026-02-02,Power,1,6,11,18,5.6
2026-02-02,Fast Moving Consumer Goods,1,5,24,30,3.3
2026-02-02,Chemicals,0,7,19,26,0.0
2026-02-02,Healthcare,1,6,45,52,1.9
2026-02-02,Metals & Mining,0,4,13,17,0.0
2026-02-02,Services,2,3,9,14,14.3
2026-02-02,Oil Gas & Consumable Fuels,2,5,12,19,10.5
2026-02-02,Consumer Services,1,2,23,26,3.8
2026-02-02,Forest Materials,0,1,0,1,0.0
2026-02-02,Construction,0,4,8,12,0.0
2026-02-02,Information Technology,4,4,20,28,14.3
2026-02-02,Consumer Durables,2,0,17,19,10.5
2026-02-02,Textiles,1,0,5,6,16.7
2026-02-02,Automobile and Auto Components,1,0,34,35,2.9
2026-02-02,Realty,1,0,9,10,10.0
2026-02-02,Telecommunication,0,5,5,10,0.0
2026-02-02,Media Entertainment & Publication,0,1,3,4,0.0
2026-02-03,Financial Services,40,1,54,95,42.1
2026-02-03,Diversified,0,0,3,3,0.0
2026-02-03,Capital Goods,31,0,33,64,48.4
2026-02-03,Construction Materials,1,0,10,11,9.1
2026-02-03,Power,9,0,9,18,50.0
2026-02-03,Fast Moving Consumer Goods,5,1,24,30,16.7
2026-02-03,Chemicals,14,0,12,26,53.8
2026-02-03,Healthcare,20,1,31,52,38.5
2026-02-03,Metals & Mining,4,0,13,17,23.5
2026-02-03,Services,5,0,9,14,35.7
2026-02-03,Oil Gas & Consumable Fuels,2,1,16,19,10.5
2026-02-03,Consumer Services,8,0,18,26,30.8
2026-02-03,Forest Materials,1,0,0,1,100.0
2026-02-03,Construction,3,0,9,12,25.0
2026-02-03,Information Technology,9,0,19,28,32.1
2026-02-03,Consumer Durables,6,0,13,19,31.6
2026-02-03,Textiles,5,0,1,6,83.3
2026-02-03,Automobile and Auto Components,18,0,17,35,51.4
2026-02-03,Realty,7,0,3,10,70.0
2026-02-03,Telecommunication,3,0,7,10,30.0
2026-02-03,Media Entertainment & Publication,0,0,4,4,0.0
2026-02-04,Financial Services,7,1,87,95,7.4
2026-02-04,Diversified,0,0,3,3,0.0
2026-02-04,Capital Goods,6,3,55,64,9.4
2026-02-04,Construction Materials,0,0,11,11,0.0
2026-02-04,Power,6,0,12,18,33.3
2026-02-04,Fast Moving Consumer Goods,1,0,29,30,3.3
2026-02-04,Chemicals,1,1,24,26,3.8
2026-02-04,Healthcare,2,5,45,52,3.8
2026-02-04,Metals & Mining,4,1,12,17,23.5
2026-02-04,Services,1,1,12,14,7.1
2026-02-04,Oil Gas & Consumable Fuels,4,0,15,19,21.1
2026-02-04,Consumer Services,8,1,17,26,30.8
2026-02-04,Forest Materials,0,0,1,1,0.0
2026-02-04,Construction,1,0,11,12,8.3
2026-02-04,Information Technology,0,16,12,28,0.0
2026-02-04,Consumer Durables,6,1,12,19,31.6
2026-02-04,Textiles,0,1,5,6,0.0
2026-02-04,Automobile and Auto Components,7,1,27,35,20.0
2026-02-04,Realty,0,0,10,10,0.0
2026-02-04,Telecommunication,1,0,9,10,10.0
2026-02-04,Media Entertainment & Publication,0,0,4,4,0.0
2026-02-05,Financial Services,2,5,88,95,2.1
2026-02-05,Diversified,0,0,3,3,0.0
2026-02-05,Capital Goods,2,6,56,64,3.1
2026-02-05,Construction Materials,1,0,10,11,9.1
2026-02-05,Power,0,2,15,17,0.0
2026-02-05,Fast Moving Consumer Goods,0,2,28,30,0.0
2026-02-05,Chemicals,0,1,25,26,0.0
2026-02-05,Healthcare,1,2,48,51,2.0
2026-02-05,Metals & Mining,0,3,14,17,0.0
2026-02-05,Services,1,2,11,14,7.1
2026-02-05,Oil Gas & Consumable Fuels,0,0,19,19,0.0
2026-02-05,Consumer Services,4,1,21,26,15.4
2026-02-05,Forest Materials,1,0,0,1,100.0
2026-02-05,Construction,0,3,9,12,0.0
2026-02-05,Information Technology,2,4,22,28,7.1
2026-02-05,Consumer Durables,1,0,18,19,5.3
2026-02-05,Textiles,1,1,4,6,16.7
2026-02-05,Automobile and Auto Components,1,1,33,35,2.9
2026-02-05,Realty,0,0,10,10,0.0
2026-02-05,Telecommunication,1,0,8,9,11.1
2026-02-05,Media Entertainment & Publication,0,0,4,4,0.0
2026-02-06,Financial Services,0,2,14,16,0.0
2026-02-06,Diversified,0,0,1,1,0.0
2026-02-06,Capital Goods,0,1,7,8,0.0
2026-02-06,Construction Materials,0,0,2,2,0.0
2026-02-06,Power,0,0,4,4,0.0
2026-02-06,Fast Moving Consumer Goods,0,0,2,2,0.0
2026-02-06,Chemicals,1,0,3,4,25.0
2026-02-06,Healthcare,1,0,8,9,11.1
2026-02-06,Metals & Mining,0,0,1,1,0.0
2026-02-06,Services,0,0,1,1,0.0
2026-02-06,Oil Gas & Consumable Fuels,0,1,2,3,0.0
2026-02-06,Consumer Services,0,0,4,4,0.0
2026-02-06,Forest Materials,1,0,0,1,100.0
2026-02-06,Construction,0,0,1,1,0.0
2026-02-06,Information Technology,0,0,1,1,0.0
2026-02-06,Consumer Durables,2,0,1,3,66.7
2026-02-06,Textiles,0,0,1,1,0.0
2026-02-06,Automobile and Auto Components,0,0,5,5,0.0
2026-02-06,Realty,0,0,1,1,0.0
2026-02-10,Financial Services,4,0,52,56,7.1
2026-02-10,Capital Goods,3,2,31,36,8.3
2026-02-10,Construction Materials,0,1,6,7,0.0
2026-02-10,Power,1,0,12,13,7.7
2026-02-10,Fast Moving Consumer Goods,2,0,12,14,14.3
2026-02-10,Chemicals,1,1,11,13,7.7
2026-02-10,Healthcare,2,1,22,25,8.0
2026-02-10,Metals & Mining,0,0,12,12,0.0
2026-02-10,Services,0,1,6,7,0.0
2026-02-10,Oil Gas & Consumable Fuels,0,0,8,8,0.0
2026-02-10,Consumer Services,4,0,12,16,25.0
2026-02-10,Construction,0,0,10,10,0.0
2026-02-10,Information Technology,1,0,19,20,5.0
2026-02-10,Consumer Durables,0,0,7,7,0.0
2026-02-10,Textiles,0,2,3,5,0.0
2026-02-10,Automobile and Auto Components,2,0,18,20,10.0
2026-02-10,Realty,1,0,5,6,16.7
2026-02-10,Telecommunication,3,0,4,7,42.9
2026-02-10,Media Entertainment & Publication,2,0,2,4,50.0
2026-02-11,Financial Services,4,3,88,95,4.2
2026-02-11,Diversified,0,0,3,3,0.0
2026-02-11,Capital Goods,5,5,54,64,7.8
2026-02-11,Construction Materials,0,0,11,11,0.0
2026-02-11,Power,1,3,14,18,5.6
2026-02-11,Fast Moving Consumer Goods,0,0,30,30,0.0
2026-02-11,Chemicals,1,0,25,26,3.8
2026-02-11,Healthcare,10,1,41,52,19.2
2026-02-11,Metals & Mining,0,0,17,17,0.0
2026-02-11,Services,0,0,14,14,0.0
2026-02-11,Oil Gas & Consumable Fuels,0,0,19,19,0.0
2026-02-11,Consumer Services,0,1,25,26,0.0
2026-02-11,Forest Materials,0,0,1,1,0.0
2026-02-11,Construction,0,0,12,12,0.0
2026-02-11,Information Technology,0,1,27,28,0.0
2026-02-11,Consumer Durables,1,1,17,19,5.3
2026-02-11,Textiles,0,1,5,6,0.0
2026-02-11,Automobile and Auto Components,7,1,27,35,20.0
2026-02-11,Realty,1,0,9,10,10.0
2026-02-11,Telecommunication,1,1,8,10,10.0
2026-02-11,Media Entertainment & Publication,2,0,2,4,50.0
2026-02-12,Financial Services,4,2,89,95,4.2
2026-02-12,Diversified,0,0,3,3,0.0
2026-02-12,Capital Goods,1,2,61,64,1.6
2026-02-12,Construction Materials,0,0,11,11,0.0
2026-02-12,Power,0,1,17,18,0.0
2026-02-12,Fast Moving Consumer Goods,1,0,29,30,3.3
2026-02-12,Chemicals,0,1,25,26,0.0
2026-02-12,Healthcare,0,2,50,52,0.0
2026-02-12,Metals & Mining,1,0,16,17,5.9
2026-02-12,Services,0,2,12,14,0.0
2026-02-12,Oil Gas & Consumable Fuels,0,2,17,19,0.0
2026-02-12,Consumer Services,0,1,25,26,0.0
2026-02-12,Forest Materials,0,0,1,1,0.0
2026-02-12,Construction,0,1,11,12,0.0
2026-02-12,Information Technology,0,24,4,28,0.0
2026-02-12,Consumer Durables,0,1,18,19,0.0
2026-02-12,Textiles,0,0,6,6,0.0
2026-02-12,Automobile and Auto Components,1,3,31,35,2.9
2026-02-12,Realty,0,1,9,10,0.0
2026-02-12,Telecommunication,0,0,10,10,0.0
2026-02-12,Media Entertainment & Publication,0,0,4,4,0.0
2026-02-13,Financial Services,0,9,86,95,0.0
2026-02-13,Diversified,0,2,1,3,0.0
2026-02-13,Capital Goods,1,8,55,64,1.6
2026-02-13,Construction Materials,0,1,10,11,0.0
2026-02-13,Power,0,4,14,18,0.0
2026-02-13,Fast Moving Consumer Goods,0,1,29,30,0.0
2026-02-13,Chemicals,1,5,20,26,3.8
2026-02-13,Healthcare,0,6,46,52,0.0
2026-02-13,Metals & Mining,0,9,8,17,0.0
2026-02-13,Services,0,2,12,14,0.0
2026-02-13,Oil Gas & Consumable Fuels,0,2,17,19,0.0
2026-02-13,Consumer Services,2,5,19,26,7.7
2026-02-13,Forest Materials,0,0,1,1,0.0
2026-02-13,Construction,1,1,10,12,8.3
2026-02-13,Information Technology,1,10,17,28,3.6
2026-02-13,Consumer Durables,0,2,17,19,0.0
2026-02-13,Textiles,2,1,3,6,33.3
2026-02-13,Automobile and Auto Components,0,1,34,35,0.0
2026-02-13,Realty,1,3,6,10,10.0
2026-02-13,Telecommunication,0,0,10,10,0.0
2026-02-13,Media Entertainment & Publication,0,2,2,4,0.0
2026-02-15,Financial Services,0,9,86,95,0.0
2026-02-15,Diversified,0,2,1,3,0.0
2026-02-15,Capital Goods,1,8,55,64,1.6
2026-02-15,Construction Materials,0,1,10,11,0.0
2026-02-15,Power,0,4,14,18,0.0
2026-02-15,Fast Moving Consumer Goods,0,1,29,30,0.0
2026-02-15,Chemicals,1,5,20,26,3.8
2026-02-15,Healthcare,0,6,46,52,0.0
2026-02-15,Metals & Mining,0,9,8,17,0.0
2026-02-15,Services,0,2,12,14,0.0
2026-02-15,Oil Gas & Consumable Fuels,0,2,17,19,0.0
2026-02-15,Consumer Services,2,5,19,26,7.7
2026-02-15,Forest Materials,0,0,1,1,0.0
2026-02-15,Construction,1,1,10,12,8.3
2026-02-15,Information Technology,1,10,17,28,3.6
2026-02-15,Consumer Durables,0,2,17,19,0.0
2026-02-15,Textiles,2,1,3,6,33.3
2026-02-15,Automobile and Auto Components,0,1,34,35,0.0
2026-02-15,Realty,1,3,6,10,10.0
2026-02-15,Telecommunication,0,0,10,10,0.0
2026-02-15,Media Entertainment & Publication,0,2,2,4,0.0
2026-02-16,Financial Services,3,2,90,95,3.2
2026-02-16,Diversified,0,0,3,3,0.0
2026-02-16,Capital Goods,5,2,57,64,7.8
2026-02-16,Construction Materials,0,0,11,11,0.0
2026-02-16,Power,3,1,14,18,16.7
2026-02-16,Fast Moving Consumer Goods,1,1,28,30,3.3
2026-02-16,Chemicals,1,1,24,26,3.8
2026-02-16,Healthcare,6,2,44,52,11.5
2026-02-16,Metals & Mining,0,0,17,17,0.0
2026-02-16,Services,1,0,13,14,7.1
2026-02-16,Oil Gas & Consumable Fuels,1,1,17,19,5.3
2026-02-16,Consumer Services,1,3,22,26,3.8
2026-02-16,Forest Materials,0,0,1,1,0.0
2026-02-16,Construction,1,1,10,12,8.3
2026-02-16,Information Technology,1,2,25,28,3.6
2026-02-16,Consumer Durables,0,0,19,19,0.0
2026-02-16,Textiles,0,0,6,6,0.0
2026-02-16,Automobile and Auto Components,1,1,33,35,2.9
2026-02-16,Realty,1,0,9,10,10.0
2026-02-16,Telecommunication,0,0,10,10,0.0
2026-02-16,Media Entertainment & Publication,0,0,4,4,0.0
2026-02-17,Financial Services,7,0,88,95,7.4
2026-02-17,Diversified,0,0,3,3,0.0
2026-02-17,Capital Goods,5,0,59,64,7.8
2026-02-17,Construction Materials,1,0,10,11,9.1
2026-02-17,Power,2,0,16,18,11.1
2026-02-17,Fast Moving Consumer Goods,0,1,30,31,0.0
2026-02-17,Chemicals,3,1,22,26,11.5
2026-02-17,Healthcare,5,0,47,52,9.6
2026-02-17,Metals & Mining,0,2,15,17,0.0
2026-02-17,Services,1,0,13,14,7.1
2026-02-17,Oil Gas & Consumable Fuels,2,0,17,19,10.5
2026-02-17,Consumer Services,0,2,24,26,0.0
2026-02-17,Forest Materials,0,0,1,1,0.0
2026-02-17,Construction,0,1,11,12,0.0
2026-02-17,Information Technology,3,0,25,28,10.7
2026-02-17,Consumer Durables,2,0,17,19,10.5
2026-02-17,Textiles,0,0,6,6,0.0
2026-02-17,Automobile and Auto Components,1,0,34,35,2.9
2026-02-17,Realty,0,0,10,10,0.0
2026-02-17,Telecommunication,1,0,9,10,10.0
2026-02-17,Media Entertainment & Publication,0,0,4,4,0.0
